{
  "morevillagers:root": {
    "criteria": {
      "always": "2024-11-06 20:28:15 -0400"
    },
    "done": true
  },
  "minecraft:recipes/decorations/crafting_table": {
    "criteria": {
      "unlock_right_away": "2024-11-06 20:28:15 -0400"
    },
    "done": true
  },
  "minecraft:adventure/adventuring_time": {
    "criteria": {
      "minecraft:cherry_grove": "2024-11-06 20:30:02 -0400",
      "minecraft:sparse_jungle": "2024-11-06 20:28:22 -0400",
      "minecraft:plains": "2024-11-06 20:30:49 -0400"
    },
    "done": false
  },
  "tombstone:adventure/root": {
    "criteria": {
      "auto": "2024-11-06 20:28:22 -0400"
    },
    "done": true
  },
  "DataVersion": 3465
}